WHO,Country
Africa,Algeria
Africa,Angola
Africa,Benin
Africa,Botswana
Africa,Burkina Faso
Africa,Burundi
Africa,Cabo Verde
Africa,Cameroon
Africa,Central African Republic
Africa,Chad
Africa,Comoros
Africa,Congo (Brazzaville)
Africa,Congo (Kinshasa)
Africa,Cote d'Ivoire
Africa,Equatorial Guinea
Africa,Eritrea
Africa,Eswatini
Africa,Ethiopia
Africa,Gabon
Africa,Gambia
Africa,Ghana
Africa,Guinea
Africa,Guinea-Bissau
Africa,Kenya
Africa,Lesotho
Africa,Liberia
Africa,Madagascar
Africa,Malawi
Africa,Mali
Africa,Mauritania
Africa,Mauritius
Africa,Mozambique
Africa,Namibia
Africa,Niger
Africa,Nigeria
Africa,Rwanda
Africa,Sao Tome and Principe
Africa,Senegal
Africa,Seychelles
Africa,Sierra Leone
Africa,South Africa
Africa,South Sudan
Africa,Tanzania
Africa,Togo
Africa,Uganda
Africa,Western Sahara
Africa,Zambia
Africa,Zimbabwe
Americas,Antigua and Barbuda
Americas,Argentina
Americas,Bahamas
Americas,Barbados
Americas,Belize
Americas,Bolivia
Americas,Brazil
Americas,Canada
Americas,Chile
Americas,Colombia
Americas,Costa Rica
Americas,Cuba
Americas,Dominica
Americas,Dominican Republic
Americas,Ecuador
Americas,El Salvador
Americas,Grenada
Americas,Guatemala
Americas,Guyana
Americas,Haiti
Americas,Honduras
Americas,Jamaica
Americas,Mexico
Americas,Nicaragua
Americas,Panama
Americas,Paraguay
Americas,Peru
Americas,Saint Kitts and Nevis
Americas,Saint Lucia
Americas,Saint Vincent and the Grenadines
Americas,Suriname
Americas,Trinidad and Tobago
Americas,US
Americas,Uruguay
Americas,Venezuela
Eastern Mediterranean,Afghanistan
Eastern Mediterranean,Bahrain
Eastern Mediterranean,Djibouti
Eastern Mediterranean,Egypt
Eastern Mediterranean,Iran
Eastern Mediterranean,Iraq
Eastern Mediterranean,Jordan
Eastern Mediterranean,Kuwait
Eastern Mediterranean,Lebanon
Eastern Mediterranean,Libya
Eastern Mediterranean,Morocco
Eastern Mediterranean,Oman
Eastern Mediterranean,Pakistan
Eastern Mediterranean,Qatar
Eastern Mediterranean,Saudi Arabia
Eastern Mediterranean,Somalia
Eastern Mediterranean,Sudan
Eastern Mediterranean,Syria
Eastern Mediterranean,Tunisia
Eastern Mediterranean,United Arab Emirates
Eastern Mediterranean,West Bank and Gaza
Eastern Mediterranean,Yemen
Europe,Albania
Europe,Andorra
Europe,Armenia
Europe,Austria
Europe,Azerbaijan
Europe,Belarus
Europe,Belgium
Europe,Bosnia and Herzegovina
Europe,Bulgaria
Europe,Croatia
Europe,Cyprus
Europe,Czechia
Europe,Denmark
Europe,Estonia
Europe,Finland
Europe,France
Europe,Georgia
Europe,Germany
Europe,Greece
Europe,Greenland
Europe,Holy See
Europe,Hungary
Europe,Iceland
Europe,Ireland
Europe,Israel
Europe,Italy
Europe,Kazakhstan
Europe,Kosovo
Europe,Kyrgyzstan
Europe,Latvia
Europe,Liechtenstein
Europe,Lithuania
Europe,Luxembourg
Europe,Malta
Europe,Moldova
Europe,Monaco
Europe,Montenegro
Europe,Netherlands
Europe,North Macedonia
Europe,Norway
Europe,Poland
Europe,Portugal
Europe,Romania
Europe,Russia
Europe,San Marino
Europe,Serbia
Europe,Slovakia
Europe,Slovenia
Europe,Spain
Europe,Sweden
Europe,Switzerland
Europe,Tajikistan
Europe,Turkey
Europe,Ukraine
Europe,United Kingdom
Europe,Uzbekistan
South-East Asia,Bangladesh
South-East Asia,Bhutan
South-East Asia,Burma
South-East Asia,India
South-East Asia,Indonesia
South-East Asia,Maldives
South-East Asia,Nepal
South-East Asia,Sri Lanka
South-East Asia,Thailand
South-East Asia,Timor-Leste
Western Pacific,Australia
Western Pacific,Brunei
Western Pacific,Cambodia
Western Pacific,China
Western Pacific,Fiji
Western Pacific,Japan
Western Pacific,Laos
Western Pacific,Malaysia
Western Pacific,Mongolia
Western Pacific,New Zealand
Western Pacific,Papua New Guinea
Western Pacific,Philippines
Western Pacific,Singapore
Western Pacific,South Korea
Western Pacific,Taiwan*
Western Pacific,Vietnam
